bus_link,bus_route
https://www.redbus.in/bus-tickets/pune-to-goa,Pune to Goa
https://www.redbus.in/bus-tickets/goa-to-pune,Goa to Pune
https://www.redbus.in/bus-tickets/mumbai-to-goa,Mumbai to Goa
https://www.redbus.in/bus-tickets/goa-to-mumbai,Goa to Mumbai
https://www.redbus.in/bus-tickets/pandharpur-to-goa,Pandharpur to Goa
https://www.redbus.in/bus-tickets/bangalore-to-goa,Bangalore to Goa
https://www.redbus.in/bus-tickets/goa-to-pandharpur,Goa to Pandharpur
https://www.redbus.in/bus-tickets/belagavi-to-goa,Belagavi to Goa
https://www.redbus.in/bus-tickets/goa-to-bangalore,Goa to Bangalore
https://www.redbus.in/bus-tickets/solapur-to-goa,Solapur to Goa
https://www.redbus.in/bus-tickets/goa-to-kolhapur-maharashtra,Goa to Kolhapur(Maharashtra)
https://www.redbus.in/bus-tickets/goa-to-solapur,Goa to Solapur
https://www.redbus.in/bus-tickets/goa-to-sangola,Goa to Sangola (Solapur)
https://www.redbus.in/bus-tickets/sangola-to-goa,Sangola (Solapur) to Goa
https://www.redbus.in/bus-tickets/calangute-goa-to-goa-airport,Calangute (goa) to Goa Airport
https://www.redbus.in/bus-tickets/goa-to-sangli,Goa to Sangli
https://www.redbus.in/bus-tickets/calangute-goa-to-mopa-airport,Calangute (goa) to Mopa Airport
https://www.redbus.in/bus-tickets/mopa-airport-to-calangute-goa,Mopa Airport to Calangute (goa)
https://www.redbus.in/bus-tickets/ponda-to-belagavi,Ponda to Belagavi
https://www.redbus.in/bus-tickets/goa-to-miraj,Goa to Miraj
https://www.redbus.in/bus-tickets/goa-airport-to-calangute-goa,Goa Airport to Calangute (goa)
https://www.redbus.in/bus-tickets/marcel-to-belagavi,Marcel to Belagavi
https://www.redbus.in/bus-tickets/shimoga-to-goa,Shivamogga to Goa
https://www.redbus.in/bus-tickets/goa-to-mopa-airport,Goa to Mopa Airport
https://www.redbus.in/bus-tickets/goa-to-satara,Goa to Satara
https://www.redbus.in/bus-tickets/belagavi-to-marcel,Belagavi to Marcel
https://www.redbus.in/bus-tickets/mopa-airport-to-goa,Mopa Airport to Goa
https://www.redbus.in/bus-tickets/shirdi-to-goa,Shirdi to Goa
https://www.redbus.in/bus-tickets/goa-to-shimoga,Goa to Shivamogga
https://www.redbus.in/bus-tickets/goa-to-shirdi,Goa to Shirdi
https://www.redbus.in/bus-tickets/goa-to-goa-airport,Goa to Goa Airport
https://www.redbus.in/bus-tickets/margoa-to-mopa-airport,Margao to Mopa Airport
https://www.redbus.in/bus-tickets/goa-airport-to-goa,Goa Airport to Goa
https://www.redbus.in/bus-tickets/mopa-airport-to-margoa,Mopa Airport to Margao
https://www.redbus.in/bus-tickets/belagavi-to-saquelim,Belagavi to Saquelim
https://www.redbus.in/bus-tickets/panaji-to-mopa-airport,Panaji to Mopa Airport
https://www.redbus.in/bus-tickets/saquelim-to-belagavi,Saquelim to Belagavi
https://www.redbus.in/bus-tickets/calangute-goa-to-goa,Calangute (goa) to Goa
https://www.redbus.in/bus-tickets/calangute-goa-to-panaji,Calangute (goa) to Panaji
https://www.redbus.in/bus-tickets/goa-airport-to-panaji,Goa Airport to Panaji
https://www.redbus.in/bus-tickets/khammam-to-hyderabad,Khammam to Hyderabad
https://www.redbus.in/bus-tickets/hyderabad-to-vijayawada,Hyderabad to Vijayawada
https://www.redbus.in/bus-tickets/hyderabad-to-khammam,Hyderabad to Khammam
https://www.redbus.in/bus-tickets/hyderabad-to-srisailam,Hyderabad to Srisailam
https://www.redbus.in/bus-tickets/karimnagar-to-hyderabad,Karimnagar to Hyderabad
https://www.redbus.in/bus-tickets/hyderabad-to-nirmal,Hyderabad to Nirmal
https://www.redbus.in/bus-tickets/hyderabad-to-mancherial,Hyderabad to Mancherial
https://www.redbus.in/bus-tickets/hyderabad-to-adilabad,Hyderabad to Adilabad
https://www.redbus.in/bus-tickets/hyderabad-to-karimnagar,Hyderabad to Karimnagar
https://www.redbus.in/bus-tickets/kothagudem-to-hyderabad,Kothagudem to Hyderabad
https://www.redbus.in/bus-tickets/guntur-to-hyderabad,Guntur (Andhra Pradesh) to Hyderabad
https://www.redbus.in/bus-tickets/godavarikhani-to-hyderabad,Godavarikhani to Hyderabad
https://www.redbus.in/bus-tickets/kodad-to-hyderabad,Kodad to Hyderabad
https://www.redbus.in/bus-tickets/hyderabad-to-bhadrachalam,Hyderabad to Bhadrachalam
https://www.redbus.in/bus-tickets/hyderabad-to-kothagudem,Hyderabad to Kothagudem
https://www.redbus.in/bus-tickets/jagityal-to-hyderabad,Jagityal to Hyderabad
https://www.redbus.in/bus-tickets/hyderabad-to-kurnool,Hyderabad to Kurnool
https://www.redbus.in/bus-tickets/hyderabad-to-sathupalli,Hyderabad to Sathupally
https://www.redbus.in/bus-tickets/hyderabad-to-armoor,Hyderabad to Armoor
https://www.redbus.in/bus-tickets/hyderabad-to-godavarikhani,Hyderabad to Godavarikhani
https://www.redbus.in/bus-tickets/hyderabad-to-ananthapur,Hyderabad to Anantapur (andhra pradesh)
https://www.redbus.in/bus-tickets/hyderabad-to-warangal,Hyderabad to Warangal
https://www.redbus.in/bus-tickets/hyderabad-to-ongole,Hyderabad to Ongole
https://www.redbus.in/bus-tickets/hyderabad-to-guntur,Hyderabad to Guntur (Andhra Pradesh)
https://www.redbus.in/bus-tickets/kadapa-to-hyderabad,Kadapa to Hyderabad
https://www.redbus.in/bus-tickets/hyderabad-to-tirupathi,Hyderabad to Tirupati
https://www.redbus.in/bus-tickets/chandigarh-to-delhi,Chandigarh to Delhi
https://www.redbus.in/bus-tickets/delhi-to-chandigarh,Delhi to Chandigarh
https://www.redbus.in/bus-tickets/yamuna-nagar-to-chandigarh,Yamuna Nagar to Chandigarh
https://www.redbus.in/bus-tickets/chandigarh-to-shimla,Chandigarh to Shimla
https://www.redbus.in/bus-tickets/chandigarh-to-vrindavan,Chandigarh to Vrindavan
https://www.redbus.in/bus-tickets/chandigarh-to-yamuna-nagar,Chandigarh to Yamuna Nagar
https://www.redbus.in/bus-tickets/chandigarh-to-sujanpur,Chandigarh to Sujanpur (himachal pradesh)
https://www.redbus.in/bus-tickets/ludhiana-to-chandigarh,Ludhiana to Chandigarh
https://www.redbus.in/bus-tickets/hamirpur-himachal-pradesh-to-chandigarh,Hamirpur (Himachal Pradesh) to Chandigarh
https://www.redbus.in/bus-tickets/vrindavan-to-chandigarh,Vrindavan to Chandigarh
https://www.redbus.in/bus-tickets/chandigarh-to-hamirpur-himachal-pradesh,Chandigarh to Hamirpur (Himachal Pradesh)
https://www.redbus.in/bus-tickets/sujanpur-to-chandigarh,Sujanpur (himachal pradesh) to Chandigarh
https://www.redbus.in/bus-tickets/shimla-to-chandigarh,Shimla to Chandigarh
https://www.redbus.in/bus-tickets/chandigarh-to-ludhiana,Chandigarh to Ludhiana
https://www.redbus.in/bus-tickets/chandigarh-to-dharamshala,Chandigarh to Dharamshala (Himachal Pradesh)
https://www.redbus.in/bus-tickets/chandigarh-to-dehradun,Chandigarh to Dehradun
https://www.redbus.in/bus-tickets/chandigarh-to-baijnath,Chandigarh to Baijnath
https://www.redbus.in/bus-tickets/pathankot-to-chandigarh,Pathankot to Chandigarh
https://www.redbus.in/bus-tickets/chandigarh-to-haridwar,Chandigarh to Haridwar
https://www.redbus.in/bus-tickets/chandigarh-to-pathankot,Chandigarh to Pathankot
https://www.redbus.in/bus-tickets/talwara-to-chandigarh,Talwara to Chandigarh
https://www.redbus.in/bus-tickets/dehradun-to-chandigarh,Dehradun to Chandigarh
https://www.redbus.in/bus-tickets/amritsar-to-chandigarh,Amritsar to Chandigarh
https://www.redbus.in/bus-tickets/chandigarh-to-rishikesh,Chandigarh to Rishikesh
https://www.redbus.in/bus-tickets/chandigarh-to-talwara,Chandigarh to Talwara
https://www.redbus.in/bus-tickets/chandigarh-to-dinanagar-punjab,Chandigarh to Dinanagar (punjab)
https://www.redbus.in/bus-tickets/dinanagar-punjab-to-chandigarh,Dinanagar (punjab) to Chandigarh
https://www.redbus.in/bus-tickets/rishikesh-to-chandigarh,Rishikesh to Chandigarh
https://www.redbus.in/bus-tickets/chandigarh-to-amritsar,Chandigarh to Amritsar
https://www.redbus.in/bus-tickets/chandigarh-to-agra,Chandigarh to Agra
https://www.redbus.in/bus-tickets/dharamshala-to-chandigarh,Dharamshala (Himachal Pradesh) to Chandigarh
https://www.redbus.in/bus-tickets/chandigarh-to-katra,Chandigarh to Katra (jammu and kashmir)
https://www.redbus.in/bus-tickets/hisar-haryana-to-chandigarh,Hisar (Haryana) to Chandigarh
https://www.redbus.in/bus-tickets/rohtak-to-chandigarh,Rohtak to Chandigarh
https://www.redbus.in/bus-tickets/chandigarh-to-una,Chandigarh to Una (Himachal Pradesh)
https://www.redbus.in/bus-tickets/chandigarh-to-jammu,Chandigarh to Jammu (j and k)
https://www.redbus.in/bus-tickets/chandigarh-to-rohtak,Chandigarh to Rohtak
https://www.redbus.in/bus-tickets/chandigarh-to-manali,Chandigarh to Manali
https://www.redbus.in/bus-tickets/chandigarh-to-haldwani,Chandigarh to Haldwani
https://www.redbus.in/bus-tickets/jawala-ji-to-chandigarh,Jawala Ji to Chandigarh
https://www.redbus.in/bus-tickets/agra-to-chandigarh,Agra to Chandigarh
https://www.redbus.in/bus-tickets/jammu-to-chandigarh,Jammu (j and k) to Chandigarh
https://www.redbus.in/bus-tickets/chandigarh-to-hisar-haryana,Chandigarh to Hisar (Haryana)
https://www.redbus.in/bus-tickets/chandigarh-to-kathgodam,Chandigarh to Kathgodam
https://www.redbus.in/bus-tickets/haridwar-to-chandigarh,Haridwar to Chandigarh
https://www.redbus.in/bus-tickets/katra-to-chandigarh,Katra (jammu and kashmir) to Chandigarh
https://www.redbus.in/bus-tickets/baijnath-to-chandigarh,Baijnath to Chandigarh
https://www.redbus.in/bus-tickets/narnaul-to-chandigarh,Narnaul to Chandigarh
https://www.redbus.in/bus-tickets/chandigarh-to-jawala-ji,Chandigarh to Jawala Ji
https://www.redbus.in/bus-tickets/patiala-to-delhi,Patiala to Delhi
https://www.redbus.in/bus-tickets/delhi-to-patiala,Delhi to Patiala
https://www.redbus.in/bus-tickets/ludhiana-to-delhi,Ludhiana to Delhi
https://www.redbus.in/bus-tickets/delhi-to-ludhiana,Delhi to Ludhiana
https://www.redbus.in/bus-tickets/phagwara-to-delhi,Phagwara to Delhi
https://www.redbus.in/bus-tickets/jalandhar-to-delhi,Jalandhar to Delhi
https://www.redbus.in/bus-tickets/delhi-to-jalandhar,Delhi to Jalandhar
https://www.redbus.in/bus-tickets/patiala-to-delhi-airport,Patiala to Delhi Airport
https://www.redbus.in/bus-tickets/jalandhar-to-delhi-airport,Jalandhar to Delhi Airport
https://www.redbus.in/bus-tickets/ludhiana-to-delhi-airport,Ludhiana to Delhi Airport
https://www.redbus.in/bus-tickets/phagwara-to-delhi-airport,Phagwara to Delhi Airport
https://www.redbus.in/bus-tickets/delhi-airport-to-ludhiana,Delhi Airport to Ludhiana
https://www.redbus.in/bus-tickets/delhi-to-phagwara,Delhi to Phagwara
https://www.redbus.in/bus-tickets/delhi-to-amritsar,Delhi to Amritsar
https://www.redbus.in/bus-tickets/amritsar-to-delhi,Amritsar to Delhi
https://www.redbus.in/bus-tickets/delhi-airport-to-patiala,Delhi Airport to Patiala
https://www.redbus.in/bus-tickets/amritsar-to-delhi-airport,Amritsar to Delhi Airport
https://www.redbus.in/bus-tickets/kapurthala-to-delhi,Kapurthala to Delhi
https://www.redbus.in/bus-tickets/delhi-airport-to-jalandhar,Delhi Airport to Jalandhar
https://www.redbus.in/bus-tickets/chandigarh-to-bathinda,Chandigarh to Bathinda
https://www.redbus.in/bus-tickets/chandigarh-to-faridkot,Chandigarh to Faridkot
https://www.redbus.in/bus-tickets/chandigarh-to-patiala,Chandigarh to Patiala
https://www.redbus.in/bus-tickets/durgapur-to-kolkata,Durgapur (West Bengal) to Kolkata
https://www.redbus.in/bus-tickets/digha-to-barasat-west-bengal,Digha to Barasat (West Bengal)
https://www.redbus.in/bus-tickets/barasat-west-bengal-to-digha,Barasat (West Bengal) to Digha
https://www.redbus.in/bus-tickets/suri-to-kolkata,Suri to Kolkata
https://www.redbus.in/bus-tickets/kolkata-to-digha,Kolkata to Digha
https://www.redbus.in/bus-tickets/bolpur-west-bengal-to-kolkata,Bolpur (West Bengal) to Kolkata
https://www.redbus.in/bus-tickets/kolkata-to-suri,Kolkata to Suri
https://www.redbus.in/bus-tickets/digha-to-kolkata,Digha to Kolkata
https://www.redbus.in/bus-tickets/kolkata-to-durgapur,Kolkata to Durgapur (West Bengal)
https://www.redbus.in/bus-tickets/habra-to-digha,Habra to Digha
https://www.redbus.in/bus-tickets/barasat-west-bengal-to-nandakumar,Barasat (West Bengal) to Nandakumar (west bengal)
https://www.redbus.in/bus-tickets/asansol-to-kolkata,Asansol (West Bengal) to Kolkata
https://www.redbus.in/bus-tickets/barasat-west-bengal-to-contai-kanthi,Barasat (West Bengal) to Contai (Kanthi)
https://www.redbus.in/bus-tickets/siliguri-to-kolkata,Siliguri to Kolkata
https://www.redbus.in/bus-tickets/kolkata-to-bolpur-west-bengal,Kolkata to Bolpur (West Bengal)
https://www.redbus.in/bus-tickets/barasat-west-bengal-to-midnapore,Barasat (West Bengal) to Midnapore
https://www.redbus.in/bus-tickets/barasat-west-bengal-to-kolaghat,Barasat (West Bengal) to Kolaghat
https://www.redbus.in/bus-tickets/barasat-west-bengal-to-durgapur,Barasat (West Bengal) to Durgapur (West Bengal)
https://www.redbus.in/bus-tickets/barasat-west-bengal-to-heria,Barasat (West Bengal) to Heria
https://www.redbus.in/bus-tickets/digha-to-habra,Digha to Habra
https://www.redbus.in/bus-tickets/midnapore-to-barasat-west-bengal,Midnapore to Barasat (West Bengal)
https://www.redbus.in/bus-tickets/haldia-to-barasat-west-bengal,Haldia to Barasat (West Bengal)
https://www.redbus.in/bus-tickets/barasat-west-bengal-to-haldia,Barasat (West Bengal) to Haldia
https://www.redbus.in/bus-tickets/midnapore-to-kolkata,Midnapore to Kolkata
https://www.redbus.in/bus-tickets/durgapur-to-purulia,Durgapur (West Bengal) to Purulia
https://www.redbus.in/bus-tickets/barasat-west-bengal-to-burdwan,Barasat (West Bengal) to Burdwan
https://www.redbus.in/bus-tickets/kolkata-to-siliguri,Kolkata to Siliguri
https://www.redbus.in/bus-tickets/durgapur-to-barasat-west-bengal,Durgapur (West Bengal) to Barasat (West Bengal)
https://www.redbus.in/bus-tickets/haldia-to-kolkata,Haldia to Kolkata
https://www.redbus.in/bus-tickets/kolkata-to-purulia,Kolkata to Purulia
https://www.redbus.in/bus-tickets/kolkata-to-asansol,Kolkata to Asansol (West Bengal)
https://www.redbus.in/bus-tickets/barasat-west-bengal-to-debra,Barasat (West Bengal) to Debra
https://www.redbus.in/bus-tickets/barasat-west-bengal-to-asansol,Barasat (West Bengal) to Asansol (West Bengal)
https://www.redbus.in/bus-tickets/kolkata-to-bakkhali,Kolkata to Bakkhali
https://www.redbus.in/bus-tickets/barasat-west-bengal-to-nimtouri,Barasat (West Bengal) to Nimtouri
https://www.redbus.in/bus-tickets/habra-to-kolaghat,Habra to Kolaghat
https://www.redbus.in/bus-tickets/habra-to-durgapur,Habra to Durgapur (West Bengal)
https://www.redbus.in/bus-tickets/barasat-west-bengal-to-mechogram,Barasat (West Bengal) to Mechogram
https://www.redbus.in/bus-tickets/habra-to-haldia,Habra to Haldia
https://www.redbus.in/bus-tickets/habra-to-contai-kanthi,Habra to Contai (Kanthi)
https://www.redbus.in/bus-tickets/habra-to-midnapore,Habra to Midnapore
https://www.redbus.in/bus-tickets/vijayawada-to-hyderabad,Vijayawada to Hyderabad
https://www.redbus.in/bus-tickets/hyderabad-to-vijayawada,Hyderabad to Vijayawada
https://www.redbus.in/bus-tickets/kakinada-to-visakhapatnam,Kakinada to Visakhapatnam
https://www.redbus.in/bus-tickets/visakhapatnam-to-kakinada,Visakhapatnam to Kakinada
https://www.redbus.in/bus-tickets/chittoor-andhra-pradesh-to-bangalore,Chittoor (Andhra Pradesh) to Bangalore
https://www.redbus.in/bus-tickets/kadapa-to-bangalore,Kadapa to Bangalore
https://www.redbus.in/bus-tickets/ananthapur-to-bangalore,Anantapur (andhra pradesh) to Bangalore
https://www.redbus.in/bus-tickets/tirupathi-to-bangalore,Tirupati to Bangalore
https://www.redbus.in/bus-tickets/visakhapatnam-to-vijayawada,Visakhapatnam to Vijayawada
https://www.redbus.in/bus-tickets/ongole-to-hyderabad,Ongole to Hyderabad
https://www.redbus.in/bus-tickets/bangalore-to-tirupathi,Bangalore to Tirupati
https://www.redbus.in/bus-tickets/macherla-to-hyderabad,Macherla (andhra pradesh) to Hyderabad
https://www.redbus.in/bus-tickets/rajahmundry-to-visakhapatnam,Rajahmundry to Visakhapatnam
https://www.redbus.in/bus-tickets/nandyala-to-hyderabad,Nandyal to Hyderabad
https://www.redbus.in/bus-tickets/bangalore-to-kadapa,Bangalore to Kadapa
https://www.redbus.in/bus-tickets/hyderabad-to-ongole,Hyderabad to Ongole
https://www.redbus.in/bus-tickets/guntur-to-hyderabad,Guntur (Andhra Pradesh) to Hyderabad
https://www.redbus.in/bus-tickets/vijayawada-to-visakhapatnam,Vijayawada to Visakhapatnam
https://www.redbus.in/bus-tickets/rajahmundry-to-vijayawada,Rajahmundry to Vijayawada
https://www.redbus.in/bus-tickets/hyderabad-to-kurnool,Hyderabad to Kurnool
https://www.redbus.in/bus-tickets/bangalore-to-chittoor-andhra-pradesh,Bangalore to Chittoor (Andhra Pradesh)
https://www.redbus.in/bus-tickets/kurnool-to-hyderabad,Kurnool to Hyderabad
https://www.redbus.in/bus-tickets/visakhapatnam-to-rajahmundry,Visakhapatnam to Rajahmundry
https://www.redbus.in/bus-tickets/rayachoti-to-bangalore,Rayachoti to Bangalore
https://www.redbus.in/bus-tickets/vinukonda-to-hyderabad,Vinukonda to Hyderabad
https://www.redbus.in/bus-tickets/bangalore-to-ananthapur,Bangalore to Anantapur (andhra pradesh)
https://www.redbus.in/bus-tickets/amalapuram-to-visakhapatnam,Amalapuram to Visakhapatnam
https://www.redbus.in/bus-tickets/vijayawada-to-tirupathi,Vijayawada to Tirupati
https://www.redbus.in/bus-tickets/madanapalli-to-bangalore,Madanapalli to Bangalore
https://www.redbus.in/bus-tickets/narsaraopet-to-hyderabad,Narasaraopet to Hyderabad
https://www.redbus.in/bus-tickets/eluru-to-hyderabad,Eluru to Hyderabad
https://www.redbus.in/bus-tickets/visakhapatnam-to-amalapuram,Visakhapatnam to Amalapuram
https://www.redbus.in/bus-tickets/kadiri-to-bangalore,Kadiri to Bangalore
https://www.redbus.in/bus-tickets/chennai-to-tirupathi,Chennai to Tirupati
https://www.redbus.in/bus-tickets/rajahmundry-to-hyderabad,Rajahmundry to Hyderabad
https://www.redbus.in/bus-tickets/kurnool-to-vijayawada,Kurnool to Vijayawada
https://www.redbus.in/bus-tickets/vijayawada-to-kurnool,Vijayawada to Kurnool
https://www.redbus.in/bus-tickets/kakinada-to-vijayawada,Kakinada to Vijayawada
https://www.redbus.in/bus-tickets/bangalore-to-madanapalli,Bangalore to Madanapalli
https://www.redbus.in/bus-tickets/nellore-to-bangalore,Nellore to Bangalore
https://www.redbus.in/bus-tickets/hyderabad-to-narsaraopet,Hyderabad to Narasaraopet
https://www.redbus.in/bus-tickets/hyderabad-to-guntur,Hyderabad to Guntur (Andhra Pradesh)
https://www.redbus.in/bus-tickets/bangalore-to-kadiri,Bangalore to Kadiri
https://www.redbus.in/bus-tickets/vijayawada-to-rajahmundry,Vijayawada to Rajahmundry
https://www.redbus.in/bus-tickets/bangalore-to-rayachoti,Bangalore to Rayachoti
https://www.redbus.in/bus-tickets/kurnool-to-bangalore,Kurnool to Bangalore
https://www.redbus.in/bus-tickets/tirupathi-to-chennai,Tirupati to Chennai
https://www.redbus.in/bus-tickets/hyderabad-to-ananthapur,Hyderabad to Anantapur (andhra pradesh)
https://www.redbus.in/bus-tickets/ananthapur-to-hyderabad,Anantapur (andhra pradesh) to Hyderabad
https://www.redbus.in/bus-tickets/bangalore-to-kozhikode,Bangalore to Kozhikode
https://www.redbus.in/bus-tickets/kozhikode-to-ernakulam,Kozhikode to Ernakulam
https://www.redbus.in/bus-tickets/kozhikode-to-bangalore,Kozhikode to Bangalore
https://www.redbus.in/bus-tickets/ernakulam-to-kozhikode,Ernakulam to Kozhikode
https://www.redbus.in/bus-tickets/kozhikode-to-mysore,Kozhikode to Mysore
https://www.redbus.in/bus-tickets/kozhikode-to-thiruvananthapuram,Kozhikode to Thiruvananthapuram
https://www.redbus.in/bus-tickets/bangalore-to-kalpetta,Bangalore to Kalpetta (kerala)
https://www.redbus.in/bus-tickets/mysore-to-kozhikode,Mysore to Kozhikode
https://www.redbus.in/bus-tickets/kalpetta-to-bangalore,Kalpetta (kerala) to Bangalore
https://www.redbus.in/bus-tickets/kozhikode-to-thrissur,Kozhikode to Thrissur
https://www.redbus.in/bus-tickets/thiruvananthapuram-to-kozhikode,Thiruvananthapuram to Kozhikode
https://www.redbus.in/bus-tickets/bangalore-to-kannur,Bangalore to Kannur
https://www.redbus.in/bus-tickets/kozhikode-to-kottayam,Kozhikode to Kottayam
https://www.redbus.in/bus-tickets/kannur-to-bangalore,Kannur to Bangalore
https://www.redbus.in/bus-tickets/kottayam-to-kozhikode,Kottayam to Kozhikode
https://www.redbus.in/bus-tickets/thrissur-to-kozhikode,Thrissur to Kozhikode
https://www.redbus.in/bus-tickets/kozhikode-to-kalpetta,Kozhikode to Kalpetta (kerala)
https://www.redbus.in/bus-tickets/coimbatore-to-ooty,Coimbatore to Ooty
https://www.redbus.in/bus-tickets/kalpetta-to-kozhikode,Kalpetta (kerala) to Kozhikode
https://www.redbus.in/bus-tickets/jodhpur-to-ajmer,Jodhpur to Ajmer
https://www.redbus.in/bus-tickets/beawer-to-jaipur,Beawar (Rajasthan) to Jaipur (Rajasthan)
https://www.redbus.in/bus-tickets/udaipur-to-jodhpur,Udaipur to Jodhpur
https://www.redbus.in/bus-tickets/jaipur-to-jodhpur,Jaipur (Rajasthan) to Jodhpur
https://www.redbus.in/bus-tickets/sikar-to-jaipur,Sikar to Jaipur (Rajasthan)
https://www.redbus.in/bus-tickets/kishangarh-to-jaipur,Kishangarh to Jaipur (Rajasthan)
https://www.redbus.in/bus-tickets/aligarh-uttar-pradesh-to-jaipur,Aligarh (uttar pradesh) to Jaipur (Rajasthan)
https://www.redbus.in/bus-tickets/jodhpur-to-beawer,Jodhpur to Beawar (Rajasthan)
https://www.redbus.in/bus-tickets/kota-rajasthan-to-jaipur,Kota(Rajasthan) to Jaipur (Rajasthan)
https://www.redbus.in/bus-tickets/jaipur-to-aligarh-uttar-pradesh,Jaipur (Rajasthan) to Aligarh (uttar pradesh)
https://www.redbus.in/bus-tickets/jaipur-to-kota-rajasthan,Jaipur (Rajasthan) to Kota(Rajasthan)
https://www.redbus.in/bus-tickets/pali-to-udaipur,Pali (Rajasthan) to Udaipur
https://www.redbus.in/bus-tickets/udaipur-to-pali-rajasthan,Udaipur to Pali (Rajasthan)
https://www.redbus.in/bus-tickets/sikar-to-bikaner,Sikar to Bikaner
https://www.redbus.in/bus-tickets/jaipur-to-bharatpur,Jaipur (Rajasthan) to Bharatpur
https://www.redbus.in/bus-tickets/kishangarh-to-jodhpur,Kishangarh to Jodhpur
https://www.redbus.in/bus-tickets/jaipur-to-bhilwara,Jaipur (Rajasthan) to Bhilwara
https://www.redbus.in/bus-tickets/kota-rajasthan-to-udaipur,Kota(Rajasthan) to Udaipur
https://www.redbus.in/bus-tickets/jaipur-to-pilani,Jaipur (Rajasthan) to Pilani
https://www.redbus.in/bus-tickets/jaipur-to-mathura,Jaipur (Rajasthan) to Mathura
https://www.redbus.in/bus-tickets/bikaner-to-sikar,Bikaner to Sikar
https://www.redbus.in/bus-tickets/tezpur-to-guwahati,Tezpur to Guwahati
https://www.redbus.in/bus-tickets/guwahati-to-tezpur,Guwahati to Tezpur
https://www.redbus.in/bus-tickets/nagaon-to-guwahati,Nagaon (Assam) to Guwahati
https://www.redbus.in/bus-tickets/guwahati-to-nagaon,Guwahati to Nagaon (Assam)
https://www.redbus.in/bus-tickets/goalpara-to-guwahati,Goalpara to Guwahati
https://www.redbus.in/bus-tickets/jorhat-to-north-lakhimpur,Jorhat to North Lakhimpur
https://www.redbus.in/bus-tickets/dhubri-to-guwahati,Dhubri to Guwahati
https://www.redbus.in/bus-tickets/guwahati-to-dhubri,Guwahati to Dhubri
https://www.redbus.in/bus-tickets/north-lakhimpur-to-sibsagar,North Lakhimpur to Sibsagar
https://www.redbus.in/bus-tickets/north-lakhimpur-to-jorhat,North Lakhimpur to Jorhat
https://www.redbus.in/bus-tickets/dhekiajuli-to-guwahati,Dhekiajuli to Guwahati
https://www.redbus.in/bus-tickets/jorhat-to-dibrugarh,Jorhat to Dibrugarh
https://www.redbus.in/bus-tickets/jorhat-to-dhemaji,Jorhat to Dhemaji
https://www.redbus.in/bus-tickets/sibsagar-to-north-lakhimpur,Sibsagar to North Lakhimpur
https://www.redbus.in/bus-tickets/dhemaji-to-jorhat,Dhemaji to Jorhat
https://www.redbus.in/bus-tickets/tezpur-to-dibrugarh,Tezpur to Dibrugarh
https://www.redbus.in/bus-tickets/haflong-to-guwahati,Haflong to Guwahati
https://www.redbus.in/bus-tickets/north-lakhimpur-to-dibrugarh,North Lakhimpur to Dibrugarh
https://www.redbus.in/bus-tickets/jorhat-to-tinsukia,Jorhat to Tinsukia
https://www.redbus.in/bus-tickets/dibrugarh-to-tezpur,Dibrugarh to Tezpur
https://www.redbus.in/bus-tickets/guwahati-to-biswanath-charali,Guwahati to Biswanath Charali
https://www.redbus.in/bus-tickets/guwahati-to-haflong,Guwahati to Haflong
https://www.redbus.in/bus-tickets/dibrugarh-to-north-lakhimpur,Dibrugarh to North Lakhimpur
https://www.redbus.in/bus-tickets/nagaon-to-haflong,Nagaon (Assam) to Haflong
https://www.redbus.in/bus-tickets/tezpur-to-moran,Tezpur to Moran
https://www.redbus.in/bus-tickets/dibrugarh-to-jorhat,Dibrugarh to Jorhat
https://www.redbus.in/bus-tickets/guwahati-to-silchar,Guwahati to Silchar
https://www.redbus.in/bus-tickets/bihpuria-to-dibrugarh,Bihpuria to Dibrugarh
https://www.redbus.in/bus-tickets/haflong-to-nagaon,Haflong to Nagaon (Assam)
https://www.redbus.in/bus-tickets/north-lakhimpur-to-tezpur,North Lakhimpur to Tezpur
https://www.redbus.in/bus-tickets/biswanath-charali-to-guwahati,Biswanath Charali to Guwahati
https://www.redbus.in/bus-tickets/biswanath-charali-to-dibrugarh,Biswanath Charali to Dibrugarh
https://www.redbus.in/bus-tickets/tinsukia-to-jorhat,Tinsukia to Jorhat
https://www.redbus.in/bus-tickets/moran-to-tezpur,Moran to Tezpur
https://www.redbus.in/bus-tickets/jorhat-to-gogamukh,Jorhat to Gogamukh
https://www.redbus.in/bus-tickets/dibrugarh-to-biswanath-charali,Dibrugarh to Biswanath Charali
https://www.redbus.in/bus-tickets/gohpur-to-guwahati,Gohpur to Guwahati
https://www.redbus.in/bus-tickets/tinsukia-to-tezpur,Tinsukia to Tezpur
https://www.redbus.in/bus-tickets/north-lakhimpur-to-golaghat,North Lakhimpur to Golaghat
https://www.redbus.in/bus-tickets/golaghat-to-north-lakhimpur,Golaghat to North Lakhimpur
https://www.redbus.in/bus-tickets/silchar-to-guwahati,Silchar to Guwahati
https://www.redbus.in/bus-tickets/bokakhat-to-dibrugarh,Bokakhat to Dibrugarh
https://www.redbus.in/bus-tickets/north-lakhimpur-to-moran,North Lakhimpur to Moran
https://www.redbus.in/bus-tickets/tezpur-to-north-lakhimpur,Tezpur to North Lakhimpur
https://www.redbus.in/bus-tickets/tezpur-to-tinsukia,Tezpur to Tinsukia
https://www.redbus.in/bus-tickets/dibrugarh-to-bihpuria,Dibrugarh to Bihpuria
https://www.redbus.in/bus-tickets/dibrugarh-to-bokakhat,Dibrugarh to Bokakhat
https://www.redbus.in/bus-tickets/guwahati-to-shillong,Guwahati to Shillong
https://www.redbus.in/bus-tickets/shillong-to-tura-meghalaya,Shillong to Tura (Meghalaya)
https://www.redbus.in/bus-tickets/shillong-to-guwahati,Shillong to Guwahati
https://www.redbus.in/bus-tickets/tura-meghalaya-to-shillong,Tura (Meghalaya) to Shillong
https://www.redbus.in/bus-tickets/shillong-to-silchar,Shillong to Silchar
https://www.redbus.in/bus-tickets/silchar-to-shillong,Silchar to Shillong
https://www.redbus.in/bus-tickets/shillong-to-karimganj,Shillong to Karimganj
https://www.redbus.in/bus-tickets/shillong-to-williamnagar-meghalaya,Shillong to Williamnagar (Meghalaya)
https://www.redbus.in/bus-tickets/karimganj-to-shillong,Karimganj to Shillong
https://www.redbus.in/bus-tickets/williamnagar-meghalaya-to-shillong,Williamnagar (Meghalaya) to Shillong
https://www.redbus.in/bus-tickets/shillong-to-hailakandi,Shillong to Hailakandi
https://www.redbus.in/bus-tickets/shillong-to-ramkrishnanagar,Shillong to Ramkrishnanagar
https://www.redbus.in/bus-tickets/hailakandi-to-shillong,Hailakandi to Shillong
https://www.redbus.in/bus-tickets/ramkrishnanagar-to-shillong,Ramkrishnanagar to Shillong
https://www.redbus.in/bus-tickets/shillong-to-phulbari,Shillong to Phulbari
